VIX,T-Bill_13W_Yield,10Y_Treasury_Yield,Credit_Spread
20.025819459850773,0.9991444934804368,2.5019927049532287,1.5028482114727921
